"Model","Scenario","Region","Variable","Unit","2005","2010","2015","2020","2025","2030","2035","2040","2045","2050","2055","2060","2065","2070","2075","2080","2085","2090","2095","2100"
"COFFEE 1.1","EN_NPi2020_400f","North America; primarily the United States of America and Canada","Carbon Sequestration|CCS|Biomass|Energy|Supply|Electricity","Mt CO2/yr","",0,0,0,0,0,29.024999,58.050004,116.100009,174.150013,"",348.299908,"",402.74989,"",219.278571,"",68.21999,"",19.491427
"COFFEE 1.1","EN_NPi2020_400f","North America; primarily the United States of America and Canada","Secondary Energy|Electricity","EJ/yr","",16.90892295145056,17.629415568926497,18.15933826487491,19.960012771861106,19.828149458026022,17.602973413474032,18.9327787894787,20.40549035917018,26.96523066445191,"",44.19086280185808,"",54.44774181293845,"",62.894597554412194,"",65.0127821537432,"",67.66749160245547
"COFFEE 1.1","EN_NPi2020_400f","North America; primarily the United States of America and Canada","Emissions|CO2|Energy|Supply|Electricity","Mt CO2/yr","",2637.198514,1975.005207,1938.627305,1856.815919,1141.8097021,343.939901,89.9289,-109.677806,-153.523025,"",-296.861675,"",-332.189882,"",-148.71856300000002,"",2.3400180000000006,"",51.068581
"COFFEE 1.1","EN_NPi2020_400f","Eastern and Western Europe (i.e., the EU28)","Carbon Sequestration|CCS|Biomass|Energy|Supply|Electricity","Mt CO2/yr","",0,0,0,0,0,0,0,0,0,"",0,"",0,"",0,"",0,"",0
"COFFEE 1.1","EN_NPi2020_400f","Eastern and Western Europe (i.e., the EU28)","Secondary Energy|Electricity","EJ/yr","",13.2515065592087,12.70503308675981,13.69475646082258,14.04049585758725,15.36612070408646,16.46568365167224,21.52532107919448,25.44686241348226,35.41133962035821,"",46.54125494066994,"",60.02734392393898,"",65.11513990388745,"",67.24379870538826,"",67.64211685400515
"COFFEE 1.1","EN_NPi2020_400f","Eastern and Western Europe (i.e., the EU28)","Emissions|CO2|Energy|Supply|Electricity","Mt CO2/yr","",1074.732898000001,805.4051699999998,966.3970835,1179.366248,520.443149,171.452481,13.277482,18.89151,28.135789,"",58.534036,"",70.560008,"",70.560008,"",49.391991,"",14.111999
"COFFEE 1.1","EN_NPi2020_400f","Pacific OECD","Carbon Sequestration|CCS|Biomass|Energy|Supply|Electricity","Mt CO2/yr","",0,0,0,0,0,0,0,0,0,"",0,"",0,"",0,"",0,"",0
"COFFEE 1.1","EN_NPi2020_400f","Pacific OECD","Secondary Energy|Electricity","EJ/yr","",5.73592319237304,5.412002676645312,5.608258250733791,5.364121242898367,5.195887882845696,5.279270772217968,5.535800922657456,5.95697551064712,7.716060286528319,"",11.753985048808609,"",13.423529260297151,"",14.242803585820992,"",14.69705336839209,"",14.440012724947534
"COFFEE 1.1","EN_NPi2020_400f","Pacific OECD","Emissions|CO2|Energy|Supply|Electricity","Mt CO2/yr","",661.947092,608.870498,596.026618,468.496507,207.225414,76.46987,32.008137,12.412999999999998,22.684922,"",57.524159,"",84.342331,"",98.352055,"",117.035363,"",79.831225
"COFFEE 1.1","EN_NPi2020_400f","Reforming Economies of Eastern Europe and the Former Soviet Union; primarily Russia","Carbon Sequestration|CCS|Biomass|Energy|Supply|Electricity","Mt CO2/yr","",0,0,0,0,0,18.06264,18.06264,18.06264,15.091148,"",0,"",0,"",0,"",0,"",0
"COFFEE 1.1","EN_NPi2020_400f","Reforming Economies of Eastern Europe and the Former Soviet Union; primarily Russia","Secondary Energy|Electricity","EJ/yr","",6.035977057780657,6.063405374826864,6.449333552762112,5.273631578050704,5.128216538420015,5.000971701996431,5.924060951998032,6.996476122820063,9.774613974531745,"",18.311756216228066,"",29.247463191585883,"",41.75373712719053,"",44.13174766764465,"",38.42953198661534
"COFFEE 1.1","EN_NPi2020_400f","Reforming Economies of Eastern Europe and the Former Soviet Union; primarily Russia","Emissions|CO2|Energy|Supply|Electricity","Mt CO2/yr","",715.1483900000001,457.1001950000001,641.4281709999999,333.014638,138.251212,-18.06264,-18.06264,-18.06264,-15.091148,"",0,"",0,"",0,"",0,"",0
"COFFEE 1.1","EN_NPi2020_400f","Countries of centrally-planned Asia; primarily China","Carbon Sequestration|CCS|Biomass|Energy|Supply|Electricity","Mt CO2/yr","",0,0,0,0,0,29.024999,58.050004,116.100009,116.100009,"",58.050004,"",0,"",0,"",0,"",0
"COFFEE 1.1","EN_NPi2020_400f","Countries of centrally-planned Asia; primarily China","Secondary Energy|Electricity","EJ/yr","",17.30307893391172,23.599283570108064,26.526031563047177,26.37735758453563,27.47503187327966,29.1393600759062,33.12025427182623,34.38324500874133,44.67939268855464,"",58.322783492300864,"",68.87842854558205,"",68.95558223764198,"",69.01008441289703,"",72.23352708648297
"COFFEE 1.1","EN_NPi2020_400f","Countries of centrally-planned Asia; primarily China","Emissions|CO2|Energy|Supply|Electricity","Mt CO2/yr","",4550.3686640000005,5827.249136000001,4723.539122000001,3484.828418,1954.3506898,300.057015,18.287409,-96.615188,-96.621635,"",-27.053345,"",34.195574,"",30.910218,"",34.607278,"",9.887789
"COFFEE 1.1","EN_NPi2020_400f","Countries of South Asia; primarily India","Carbon Sequestration|CCS|Biomass|Energy|Supply|Electricity","Mt CO2/yr","",0,0,0,0,0,0,0,0,0,"",0,"",0,"",0,"",0,"",0
"COFFEE 1.1","EN_NPi2020_400f","Countries of South Asia; primarily India","Secondary Energy|Electricity","EJ/yr","",3.498441954138287,4.787471898924047,5.334148851610321,6.163065820017359,6.246486668610576,6.497162145134351,8.01902909653877,9.244004566699152,13.54148414640662,"",21.29200254220161,"",29.7856671528335,"",35.8732865529177,"",39.74179469345698,"",38.7132426638915
"COFFEE 1.1","EN_NPi2020_400f","Countries of South Asia; primarily India","Emissions|CO2|Energy|Supply|Electricity","Mt CO2/yr","",800.1604990000001,1173.656583,1026.852049,995.466117,552.5270158000001,108.015155,111.277974,29.548447,35.528981,"",52.386319,"",67.098357,"",88.01635399999999,"",105.605491,"",114.150227
"COFFEE 1.1","EN_NPi2020_400f","Other countries of Asia","Carbon Sequestration|CCS|Biomass|Energy|Supply|Electricity","Mt CO2/yr","",0,0,0,0,0,0,0,18.890302,18.890302,"",18.890302,"",0,"",0,"",0,"",0
"COFFEE 1.1","EN_NPi2020_400f","Other countries of Asia","Secondary Energy|Electricity","EJ/yr","",3.231140807560608,3.928858503448608,3.914069204917727,3.136386966711119,3.270314223792288,3.15715645284768,3.440397341138544,4.1080755068244,5.39328972443472,"",9.089718295111345,"",12.66498490805683,"",17.71512312596098,"",22.97154466279541,"",23.50103156544039
"COFFEE 1.1","EN_NPi2020_400f","Other countries of Asia","Emissions|CO2|Energy|Supply|Electricity","Mt CO2/yr","",721.0152410000001,1141.689127,859.6619275,456.921555,179.928282,69.375593,16.128642,-18.890302,-18.890302,"",-18.890302,"",0,"",0,"",0,"",0
"COFFEE 1.1","EN_NPi2020_400f","Countries of Sub-Saharan Africa","Carbon Sequestration|CCS|Biomass|Energy|Supply|Electricity","Mt CO2/yr","",0,0,0,0,0,0,0,42.55795,42.55795,"",42.55795,"",0,"",0,"",0,"",0
"COFFEE 1.1","EN_NPi2020_400f","Countries of Sub-Saharan Africa","Secondary Energy|Electricity","EJ/yr","",3.1494909352332963,3.12966561703752,3.162124755669744,2.011032292474512,1.747016799774768,2.165247942722352,3.193741568246544,5.121133556541264,9.77967143930736,"",20.76432477750461,"",30.23004250692648,"",36.680554474262216,"",42.83090590321051,"",46.68725464506317
"COFFEE 1.1","EN_NPi2020_400f","Countries of Sub-Saharan Africa","Emissions|CO2|Energy|Supply|Electricity","Mt CO2/yr","",742.045648,685.45658,494.1971319999999,255.692602,71.392876,59.603201,48.975448,-42.55795,-42.55795,"",-42.55795,"",0,"",0,"",0,"",0
"COFFEE 1.1","EN_NPi2020_400f","Countries of the Middle East; Iran, Iraq, Israel, Saudi Arabia, Qatar, etc.","Carbon Sequestration|CCS|Biomass|Energy|Supply|Electricity","Mt CO2/yr","",0,0,0,0,0,0,0,0,0,"",0,"",0,"",0,"",0,"",0
"COFFEE 1.1","EN_NPi2020_400f","Countries of the Middle East; Iran, Iraq, Israel, Saudi Arabia, Qatar, etc.","Secondary Energy|Electricity","EJ/yr","",2.852612687882448,3.029332418584848,3.3659521009992,3.75351771310704,3.873879433169856,3.99034516797792,4.96240732233648,5.963269580034336,9.949969140464304,"",19.12224381239895,"",28.87946259659697,"",32.86677989494872,"",35.53353946771085,"",37.71827354210875
"COFFEE 1.1","EN_NPi2020_400f","Countries of the Middle East; Iran, Iraq, Israel, Saudi Arabia, Qatar, etc.","Emissions|CO2|Energy|Supply|Electricity","Mt CO2/yr","",584.427981,167.3549909999996,278.2294709999998,365.673916,318.1825128,180.884777,181.837983,14.978438,18.438989,"",40.972425,"",62.58966,"",70.560008,"",70.560008,"",70.560008
"COFFEE 1.1","EN_NPi2020_400f","Countries of Latin America and the Caribbean","Carbon Sequestration|CCS|Biomass|Energy|Supply|Electricity","Mt CO2/yr","",0,0,0,0,0,0,116.100009,289.85373400000003,321.67352,"",427.543191,"",285.389395,"",88.787813,"",25.367945,"",10.147177
"COFFEE 1.1","EN_NPi2020_400f","Countries of Latin America and the Caribbean","Secondary Energy|Electricity","EJ/yr","",4.765121072360352,5.184584001880992,5.564808775357056,6.128599023844127,5.9258479855752,6.551378467331615,7.751271519720001,9.97152162814224,11.89114903491192,"",15.807930818771954,"",19.151867460434254,"",24.24884892381792,"",25.19772190227849,"",26.446419211969868
"COFFEE 1.1","EN_NPi2020_400f","Countries of Latin America and the Caribbean","Emissions|CO2|Energy|Supply|Electricity","Mt CO2/yr","",558.360086,722.7462620000001,431.5260095,266.804193,87.470677,7.40621,-113.830893,-287.584618,-320.721066,"",-418.772029,"",-281.491102,"",-80.381787,"",-14.560484999999998,"",9.552791
"REMIND-MAgPIE 2.1-4.2","EN_NPi2020_400f","North America; primarily the United States of America and Canada","Carbon Sequestration|CCS|Biomass|Energy|Supply|Electricity","Mt CO2/yr",0,0,0,0,0.3898,1.881,5.0685,9.9721,15.7009,20.6107,23.04,22.9821,"",20.1377,"",20.8413,"",24.3629,"",25.9133
"REMIND-MAgPIE 2.1-4.2","EN_NPi2020_400f","North America; primarily the United States of America and Canada","Secondary Energy|Electricity","EJ/yr",15.8713,16.3571,16.0865,16.5192,16.6188,18.7667,22.4153,26.4806,30.6604,35.0543,39.6273,44.4084,"",57.5173,"",70.0984,"",81.7472,"",89.7258
"REMIND-MAgPIE 2.1-4.2","EN_NPi2020_400f","North America; primarily the United States of America and Canada","Emissions|CO2|Energy|Supply|Electricity","Mt CO2/yr",2524.3141,2363.174,1973.8086,1858.4683,1026.4302,412.4735,130.6366,75.0447,52.3547,22.7779,-3.3512,-22.7516,"",-20.0812,"",-20.8157,"",-24.3363,"",-25.8902
"REMIND-MAgPIE 2.1-4.2","EN_NPi2020_400f","Eastern and Western Europe (i.e., the EU28)","Carbon Sequestration|CCS|Biomass|Energy|Supply|Electricity","Mt CO2/yr",0,0,0,0.0021,1.0159,10.2379,19.7997,29.0533,38.0398,45.4969,49.3064,49.8948,"",47.0758,"",44.8439,"",49.5061,"",50.2132
"REMIND-MAgPIE 2.1-4.2","EN_NPi2020_400f","Eastern and Western Europe (i.e., the EU28)","Secondary Energy|Electricity","EJ/yr",12.2738,12.6883,11.6768,12.2924,12.9035,15.0829,17.7759,20.9903,24.1137,26.2212,27.6593,28.5359,"",32.0443,"",37.8156,"",43.4063,"",47.6
"REMIND-MAgPIE 2.1-4.2","EN_NPi2020_400f","Eastern and Western Europe (i.e., the EU28)","Emissions|CO2|Energy|Supply|Electricity","Mt CO2/yr",1216.7937,1114.7035,905.546,798.9468,416.4884,179.5439,55.1296,52.3635,51.718,45.6734,35.7469,20.5823,"",-13.8646,"",-44.013,"",-49.4645,"",-50.1915
"REMIND-MAgPIE 2.1-4.2","EN_NPi2020_400f","Pacific OECD","Carbon Sequestration|CCS|Biomass|Energy|Supply|Electricity","Mt CO2/yr",0,0,0,0,0,1.0802,3.7789,6.9285,9.6392,11.6419,12.787,13.0563,"",12.1333,"",10.3004,"",9.9626,"",11.1766
"REMIND-MAgPIE 2.1-4.2","EN_NPi2020_400f","Pacific OECD","Secondary Energy|Electricity","EJ/yr",4.0343,4.0666,3.9235,3.7352,3.47,3.5187,3.6861,4.1237,4.6235,5.0207,5.2303,5.2354,"",5.3136,"",5.1872,"",5.0089,"",5.1854
"REMIND-MAgPIE 2.1-4.2","EN_NPi2020_400f","Pacific OECD","Emissions|CO2|Energy|Supply|Electricity","Mt CO2/yr",478.9125,567.9691,547.7668,432.5458,268.0086,143.9182,43.1033,11.4278,7.3392,2.3596,-3.3325,-8.6642,"",-12.0249,"",-10.2761,"",-9.9357,"",-11.1533
"REMIND-MAgPIE 2.1-4.2","EN_NPi2020_400f","Reforming Economies of Eastern Europe and the Former Soviet Union; primarily Russia","Carbon Sequestration|CCS|Biomass|Energy|Supply|Electricity","Mt CO2/yr",0,0,0,0,0,1.0843,5.5871,15.846,32.106,50.6507,65.3855,73.932,"",78.064,"",68.9981,"",53.7304,"",42.4821
"REMIND-MAgPIE 2.1-4.2","EN_NPi2020_400f","Reforming Economies of Eastern Europe and the Former Soviet Union; primarily Russia","Secondary Energy|Electricity","EJ/yr",4.7497,5.1301,5.3908,5.8132,5.8583,6.434,7.2418,8.6053,10.3903,11.6654,12.5039,13.0198,"",17.3078,"",31.0335,"",62.8334,"",96.7581
"REMIND-MAgPIE 2.1-4.2","EN_NPi2020_400f","Reforming Economies of Eastern Europe and the Former Soviet Union; primarily Russia","Emissions|CO2|Energy|Supply|Electricity","Mt CO2/yr",416.8643,469.4643,504.2438,553.1541,449.2378,302.0429,137.2154,21.5314,-3.5661,-24.9974,-44.5047,-60.5415,"",-77.7863,"",-68.9698,"",-53.6987,"",-42.4549
"REMIND-MAgPIE 2.1-4.2","EN_NPi2020_400f","Countries of centrally-planned Asia; primarily China","Carbon Sequestration|CCS|Biomass|Energy|Supply|Electricity","Mt CO2/yr",0,0,0,0,0.2862,2.471,7.7855,18.6944,36.3801,58.3526,79.0809,96.0277,"",118.0206,"",122.0307,"",109.1273,"",93.2856
"REMIND-MAgPIE 2.1-4.2","EN_NPi2020_400f","Countries of centrally-planned Asia; primarily China","Secondary Energy|Electricity","EJ/yr",9.679,15.171,21.1605,26.8838,30.5378,37.0606,44.6632,47.9365,48.5006,49.8125,52.052,55.15,"",65.2489,"",68.8538,"",68.2297,"",70.9255
"REMIND-MAgPIE 2.1-4.2","EN_NPi2020_400f","Countries of centrally-planned Asia; primarily China","Emissions|CO2|Energy|Supply|Electricity","Mt CO2/yr",2330.1805,3292.8637,3965.5313,4318.6351,3043.4297,1132.3265,727.9249,722.4212,395.2692,179.1544,69.6981,22.4022,"",-63.173,"",-112.9264,"",-108.3915,"",-93.2582
"REMIND-MAgPIE 2.1-4.2","EN_NPi2020_400f","Countries of South Asia; primarily India","Carbon Sequestration|CCS|Biomass|Energy|Supply|Electricity","Mt CO2/yr",0,0,0,0,0,0,0.2627,1.3961,4.1311,9.0983,16.1009,23.7936,"",34.7765,"",38.2632,"",37.6212,"",38.7558
"REMIND-MAgPIE 2.1-4.2","EN_NPi2020_400f","Countries of South Asia; primarily India","Secondary Energy|Electricity","EJ/yr",2.619,3.5883,4.9787,6.606,8.5502,12.8528,19.4507,27.2169,34.2241,40.8125,48.4175,56.5259,"",73.2371,"",86.4555,"",93.8249,"",103.1755
"REMIND-MAgPIE 2.1-4.2","EN_NPi2020_400f","Countries of South Asia; primarily India","Emissions|CO2|Energy|Supply|Electricity","Mt CO2/yr",575.1016,737.1632,998.405,1270.3088,1110.7651,504.8384,85.3764,106.3179,114.2679,101.417,70.0327,24.3038,"",-34.6772,"",-38.2354,"",-37.5939,"",-38.7312
"REMIND-MAgPIE 2.1-4.2","EN_NPi2020_400f","Other countries of Asia","Carbon Sequestration|CCS|Biomass|Energy|Supply|Electricity","Mt CO2/yr",0,0,0,0,0,0,1.5172,6.476,14.7846,24.3342,31.8762,35.7344,"",36.6046,"",33.1319,"",29.7577,"",34.6302
"REMIND-MAgPIE 2.1-4.2","EN_NPi2020_400f","Other countries of Asia","Secondary Energy|Electricity","EJ/yr",3.9848,5.0449,6.2407,7.5135,8.927,12.2475,16.9443,22.8829,30.1375,37.2313,44.2105,51.0116,"",65.4526,"",79.3807,"",91.5389,"",103.2878
"REMIND-MAgPIE 2.1-4.2","EN_NPi2020_400f","Other countries of Asia","Emissions|CO2|Energy|Supply|Electricity","Mt CO2/yr",564.9957,709.2407,881.2174,970.9372,684.6546,358.7894,163.7803,79.9674,86.37,83.6409,67.4264,42.5054,"",-6.6779,"",-32.8911,"",-29.7273,"",-34.6044
"REMIND-MAgPIE 2.1-4.2","EN_NPi2020_400f","Countries of Sub-Saharan Africa","Carbon Sequestration|CCS|Biomass|Energy|Supply|Electricity","Mt CO2/yr",0,0,0,0,0,0,0.278,1.1136,2.6247,5.077,8.3115,11.5687,"",16.663,"",21.6219,"",30.3753,"",40.7371
"REMIND-MAgPIE 2.1-4.2","EN_NPi2020_400f","Countries of Sub-Saharan Africa","Secondary Energy|Electricity","EJ/yr",1.2718,1.3883,1.54,1.9973,2.9571,4.779,7.6933,11.9346,17.8301,25.0494,33.9259,44.3861,"",66.4286,"",92.77,"",124.5796,"",159.4389
"REMIND-MAgPIE 2.1-4.2","EN_NPi2020_400f","Countries of Sub-Saharan Africa","Emissions|CO2|Energy|Supply|Electricity","Mt CO2/yr",240.9999,243.9705,232.8181,228.5622,160.026,71.9943,28.124,21.8402,29.4476,30.3905,20.7669,5.7911,"",-16.6009,"",-21.5994,"",-30.3528,"",-40.7164
"REMIND-MAgPIE 2.1-4.2","EN_NPi2020_400f","Countries of the Middle East; Iran, Iraq, Israel, Saudi Arabia, Qatar, etc.","Carbon Sequestration|CCS|Biomass|Energy|Supply|Electricity","Mt CO2/yr",0,0,0,0.001,0.2007,1.8312,3.9421,6.2456,8.4694,10.6073,12.2296,12.7882,"",11.1376,"",8.1016,"",9.2012,"",11.655
"REMIND-MAgPIE 2.1-4.2","EN_NPi2020_400f","Countries of the Middle East; Iran, Iraq, Israel, Saudi Arabia, Qatar, etc.","Secondary Energy|Electricity","EJ/yr",3.1975,4.3046,5.3114,6.292,7.1075,8.639,10.3177,13.8273,18.5149,23.229,28.1139,33.0593,"",45.244,"",60.1661,"",76.4934,"",92.869
"REMIND-MAgPIE 2.1-4.2","EN_NPi2020_400f","Countries of the Middle East; Iran, Iraq, Israel, Saudi Arabia, Qatar, etc.","Emissions|CO2|Energy|Supply|Electricity","Mt CO2/yr",570.5839,717.4661,817.822,872.0209,773.52,538.0037,181.5921,38.8579,34.607,20.105,1.6389,-12.6026,"",-11.1078,"",-8.0804,"",-9.1771,"",-11.6341
"REMIND-MAgPIE 2.1-4.2","EN_NPi2020_400f","Countries of Latin America and the Caribbean","Carbon Sequestration|CCS|Biomass|Energy|Supply|Electricity","Mt CO2/yr",0,0,0,0,0.2607,8.0183,19.51,36.14,55.5115,73.0828,84.994,90.0941,"",84.6818,"",67.5791,"",64.1575,"",70.5378
"REMIND-MAgPIE 2.1-4.2","EN_NPi2020_400f","Countries of Latin America and the Caribbean","Secondary Energy|Electricity","EJ/yr",4.3695,5.1135,5.7907,6.5934,7.9111,10.3197,13.3311,16.7788,20.602,24.3997,28.1765,31.785,"",40.8891,"",53.8869,"",73.0052,"",93.3383
"REMIND-MAgPIE 2.1-4.2","EN_NPi2020_400f","Countries of Latin America and the Caribbean","Emissions|CO2|Energy|Supply|Electricity","Mt CO2/yr",296.2637,327.5736,337.8764,328.2542,218.183,73.7407,-8.9935,-16.5636,-25.2244,-32.6193,-35.896,-37.0084,"",-41.8761,"",-57.3216,"",-64.0817,"",-70.5062
"REMIND-MAgPIE 2.1-4.2","EN_NPi2020_400f","Rest of the World (R10)","Carbon Sequestration|CCS|Biomass|Energy|Supply|Electricity","Mt CO2/yr",0,0,0,0.3439,1.864,4.9535,9.1431,13.7702,18.5188,22.4863,24.5104,24.6137,"",21.8789,"",19.8888,"",21.8403,"",23.8656
"REMIND-MAgPIE 2.1-4.2","EN_NPi2020_400f","Rest of the World (R10)","Secondary Energy|Electricity","EJ/yr",4.7285,5.1189,5.3069,5.5103,5.8503,6.782,7.998799999999999,9.382,10.9252,12.2818,13.3922,14.5151,"",18.7251,"",26.9085,"",37.8066,"",46.1758
"REMIND-MAgPIE 2.1-4.2","EN_NPi2020_400f","Rest of the World (R10)","Emissions|CO2|Energy|Supply|Electricity","Mt CO2/yr",438.1189,422.5962,391.0455,252.3287,93.0344,15.63,-3.3867,-8.0799,-9.8825,-11.7817,-13.1772,-14.1842,"",-15.7279,"",-18.5105,"",-21.7802,"",-23.8159
"WITCH 5.0","EN_NPi2020_400f","North America; primarily the United States of America and Canada","Carbon Sequestration|CCS|Biomass|Energy|Supply|Electricity","Mt CO2/yr","",0.0018431547662713,0.0013835937780244,0.0018302216061018,46.53505232948183,70.3489561713876,262.35843697411417,449.4445077764882,706.2231321070408,847.1639215059005,944.098663072615,1051.228660579607,1164.49298974753,1583.3034847616068,2037.124776192095,2178.284753372799,2145.8931029491578,2271.733837285396,2380.745729433428,2440.18258210733
"WITCH 5.0","EN_NPi2020_400f","North America; primarily the United States of America and Canada","Secondary Energy|Electricity","EJ/yr","",17.65135113857645,17.56344599552967,20.782445900470226,17.64056715651235,17.7462274891469,25.58733880620247,33.58545742988841,41.15846156905072,46.03838934106151,50.48793007194688,54.25838731288586,57.56132443028805,61.825090498098405,66.82401093899895,69.3755436441342,71.1891878503608,73.0748562793737,74.6639383696372,76.32252325007231
"WITCH 5.0","EN_NPi2020_400f","North America; primarily the United States of America and Canada","Emissions|CO2|Energy|Supply|Electricity","Mt CO2/yr","",2371.655492789826,2213.0571845004374,2608.714160533231,1029.0696021096849,157.2024993871469,-283.1566355301404,-502.5761864997019,-801.2321772766625,-966.8025766741972,-1082.450677859564,-1210.061027016308,-1345.476630159712,-1830.719733670951,-2357.497135592552,-2529.759283676175,-2506.565511818572,-2667.35053075213,-2797.97299826271,-2866.85345191205
"WITCH 5.0","EN_NPi2020_400f","Eastern and Western Europe (i.e., the EU28)","Carbon Sequestration|CCS|Biomass|Energy|Supply|Electricity","Mt CO2/yr","",0.0011035189579105,1.06495551706167e-8,0.0024688342823865,7.92572504246331,58.8218177225332,283.580329017327,485.801378962956,567.782740110234,447.853872151282,353.283569797245,290.456853626639,322.757807827888,422.019467353737,579.56801588076,651.053883396277,676.069161151123,706.178357136627,739.768032033323,774.8174183044389
"WITCH 5.0","EN_NPi2020_400f","Eastern and Western Europe (i.e., the EU28)","Secondary Energy|Electricity","EJ/yr","",12.9842898940096,12.3540634356868,13.5823861462351,12.9111747651555,16.2317638410149,21.7141729904259,24.9414262771479,28.7714091269725,30.9766410928145,33.5810397823768,35.5818596639295,36.7496897060649,38.0683995008429,39.5869611834931,40.8001969074703,41.0335168603366,41.1158248353272,41.1213612873721,41.2697022102631
"WITCH 5.0","EN_NPi2020_400f","Eastern and Western Europe (i.e., the EU28)","Emissions|CO2|Energy|Supply|Electricity","Mt CO2/yr","",1338.74351246118,1179.33860578542,1040.09540753021,68.0602682870782,-56.931388220247,-331.918332218026,-571.617827947101,-668.990141699785,-527.927912353936,-416.484494320113,-342.468115973666,-380.711333324889,-497.99731053175,-684.060015773086,-768.481693707908,-798.045898215732,-833.6114463667329,-873.267493564927,-914.666667160703
"WITCH 5.0","EN_NPi2020_400f","Pacific OECD","Carbon Sequestration|CCS|Biomass|Energy|Supply|Electricity","Mt CO2/yr","",0.0019387719944883,2.1669005412047e-8,2.14709340645877e-8,2.963310587167534,51.95902445304391,120.1841388699317,205.8842707290964,323.5090329310445,432.6409809675888,393.0001215003143,375.242737822541,425.560622212433,454.2307988015529,488.152294173444,555.128302317288,570.549220596026,547.541188107608,437.7967833783534,469.3001019584261
"WITCH 5.0","EN_NPi2020_400f","Pacific OECD","Secondary Energy|Electricity","EJ/yr","",6.652686957168259,6.71722142717441,7.680605702514319,5.221485655783641,5.968369774046369,7.425014696294309,8.563020984264021,9.90376139161628,11.39781127782455,13.03178152148194,14.04617429215038,14.79889848548315,15.46405724922422,16.27905929697812,17.05198962204706,17.50182552860837,17.81579980860695,17.93795935040714,18.42485743851023
"WITCH 5.0","EN_NPi2020_400f","Pacific OECD","Emissions|CO2|Energy|Supply|Electricity","Mt CO2/yr","",1002.0786501757862,1113.2512028538,1201.154897990469,202.1352391157291,-24.31103224005734,-132.807212347387,-247.5443454485852,-403.4323507619027,-550.1595655399194,-488.93625599051074,-452.801096606894,-505.310307642094,-539.463683209126,-583.857961181076,-672.1038375619339,-693.612609177678,-676.967015537776,-572.0313482868091,-609.7286783756919
"WITCH 5.0","EN_NPi2020_400f","Reforming Economies of Eastern Europe and the Former Soviet Union; primarily Russia","Carbon Sequestration|CCS|Biomass|Energy|Supply|Electricity","Mt CO2/yr","",0.0008420411792701,0.0014610789551355,0.0019376864238878,5.39964493073852,15.6592021959348,30.4348117164474,52.13637574365421,81.9220977829565,121.404271502848,172.739367810224,238.748761618749,323.076883553821,429.787792711068,453.186153794835,476.58331698443,496.553739881384,516.523404403647,535.0599412344641,553.5959979459279
"WITCH 5.0","EN_NPi2020_400f","Reforming Economies of Eastern Europe and the Former Soviet Union; primarily Russia","Secondary Energy|Electricity","EJ/yr","",5.99332595182302,6.623561846982829,9.31602278842669,8.39808290594392,7.12019224157143,7.66931147432886,10.2877769852904,13.9338207984856,17.1077762309243,21.1469091233779,26.79735878892651,29.5868742542766,32.4488402735809,35.2136626807378,38.03617990624221,40.0694696644116,41.9554562813169,43.7695694135917,45.8318295694211
"WITCH 5.0","EN_NPi2020_400f","Reforming Economies of Eastern Europe and the Former Soviet Union; primarily Russia","Emissions|CO2|Energy|Supply|Electricity","Mt CO2/yr","",1291.29405907161,1333.02751838042,1928.12521937803,1177.94654219073,485.243194234842,106.346911722883,-77.5881937270557,-131.717967277183,-199.752421681899,-294.288123302464,-414.77261540653,-565.534721713946,-755.491176623862,-797.9608257920551,-840.208515214053,-876.134078312871,-912.018018516777,-945.456698654154,-978.694763928557
"WITCH 5.0","EN_NPi2020_400f","Countries of centrally-planned Asia; primarily China","Carbon Sequestration|CCS|Biomass|Energy|Supply|Electricity","Mt CO2/yr","",0.0013112969383278,1.07611161675062e-8,1.06627513030866e-8,8.98348528898623,34.9404080520369,83.89525569898942,136.871333237568,205.880024221839,162.394546641844,128.103941398295,79.41769318726841,30.4818260755187,3.53350560547353,12.9182009111343,52.94415562558989,77.7461019814142,73.6972319272428,67.1804266161173,63.3034593180698
"WITCH 5.0","EN_NPi2020_400f","Countries of centrally-planned Asia; primarily China","Secondary Energy|Electricity","EJ/yr","",16.1840493628343,21.9505422271302,24.9880236964767,16.5014498283482,21.4337993718623,29.1114128909364,38.7904008912334,46.0394755478281,51.2723768411645,56.71653115698049,60.705220304557,62.5444605276314,65.8731119609962,69.0421548950328,70.7856977123925,71.6723763551052,72.42822233202091,72.9835600507109,72.5265234197122
"WITCH 5.0","EN_NPi2020_400f","Countries of centrally-planned Asia; primarily China","Emissions|CO2|Energy|Supply|Electricity","Mt CO2/yr","",3749.704688044221,4456.15132473075,3676.587268330829,176.387417554255,69.7961761372111,-0.0738932628783964,-128.860805873362,-195.165423926194,-147.594967344221,-112.436367011195,-60.83961887181771,-5.56067246149194,28.4315889040797,24.3348363151038,-13.5483459093901,-38.9599958199889,-34.8434978410767,-28.4022556937168,-26.5631568161466
"WITCH 5.0","EN_NPi2020_400f","Countries of South Asia; primarily India","Carbon Sequestration|CCS|Biomass|Energy|Supply|Electricity","Mt CO2/yr","",0.001239846986595,9.881635592025261e-9,9.79130985535227e-9,2.27108014246692,13.8112606400362,26.8418804779243,45.9804769268,72.24846988765921,107.067740094417,152.340076849568,120.181378094579,94.818522587042,74.81386254649541,43.2308579193438,46.586359763757,33.84621080716131,23.3649173444062,0.1037604530015119,8.54201992165501e-9
"WITCH 5.0","EN_NPi2020_400f","Countries of South Asia; primarily India","Secondary Energy|Electricity","EJ/yr","",3.55960187599898,4.83011790398964,6.99839268616161,3.433902529626971,4.40983475554806,6.30423180452755,9.02638734122267,12.4944041667906,15.5511556269099,18.350094946249,20.89443983423,23.4490429757462,24.9275859308249,26.482264378641,28.8526680128127,31.008649363667,32.921315482213,34.9211954773023,36.5654268802595
"WITCH 5.0","EN_NPi2020_400f","Countries of South Asia; primarily India","Emissions|CO2|Energy|Supply|Electricity","Mt CO2/yr","",816.243407868875,1035.7062112292,1442.74168858941,207.575117770625,7.8762356763076,-27.9203689131921,-53.7362204984908,-86.6625543538972,-130.393489744312,-186.481330196268,-147.274610846118,-116.306561986483,-91.798091250548,-52.8850779462566,-57.1805200103754,-41.5389759849408,-28.6924256095159,-0.107222968151246,0.0080125612007625
"WITCH 5.0","EN_NPi2020_400f","Other countries of Asia","Carbon Sequestration|CCS|Biomass|Energy|Supply|Electricity","Mt CO2/yr","",0.0038697404253925,2.9777793718493124e-8,2.9505601819786586e-8,2.786602293164362,15.022900244367351,29.19034858977912,49.9985228399627,78.5579520213872,116.4145559080297,165.63602346441553,228.9275693026371,309.7835740495942,412.6836424536944,543.344122804499,702.2760779907051,865.5680712465299,1041.258230141033,1239.2800082817198,1361.17149941926
"WITCH 5.0","EN_NPi2020_400f","Other countries of Asia","Secondary Energy|Electricity","EJ/yr","",2.902179592977931,3.781035038815195,4.676394531665445,3.7500951803164098,3.563456899109648,3.85646553450841,4.599998061317924,6.18231455450084,8.974637923056111,11.23693081847831,14.36052444459358,16.958907146466302,19.36450218907869,21.42676913192071,23.492449923914563,25.7523494059811,28.0756084784198,31.117992206709623,34.07434244588197
"WITCH 5.0","EN_NPi2020_400f","Other countries of Asia","Emissions|CO2|Energy|Supply|Electricity","Mt CO2/yr","",446.7651245360846,535.0206557061647,701.6288584309332,383.86636837377705,274.80688426306125,194.34963899761533,105.71437009548004,3.492207730274401,-55.225007278346894,-131.49248803267528,-228.19008153403087,-338.8489976115804,-467.982242456884,-627.614357247107,-821.740084597318,-1024.397118934041,-1243.5621282420768,-1495.335186474655,-1664.542167087319
"WITCH 5.0","EN_NPi2020_400f","Countries of Sub-Saharan Africa","Carbon Sequestration|CCS|Biomass|Energy|Supply|Electricity","Mt CO2/yr","",0.0018376591077776,0.0031795329520771,0.0042117440599507,2.14321788272227,9.168904042465693,18.2887276431516,31.80624950469869,50.4416331494709,75.2025552987502,107.4405006181019,135.742849843773,159.52427288869762,215.16009175944168,355.169573871486,463.886221685652,601.660586250843,776.1871751661661,997.225367942159,1211.140622643432
"WITCH 5.0","EN_NPi2020_400f","Countries of Sub-Saharan Africa","Secondary Energy|Electricity","EJ/yr","",1.4012653172856409,1.565075267234666,2.4963456602252,2.1352185884989168,2.181345023250785,2.666400289374232,3.5441343726270897,4.5635065006416,5.99052359507607,7.96540895604567,10.42528770316658,14.35701145580143,19.88464568896859,28.32369576464533,33.50269868899393,38.42645498633481,40.99205045721024,43.49626285535442,44.61658494855478
"WITCH 5.0","EN_NPi2020_400f","Countries of Sub-Saharan Africa","Emissions|CO2|Energy|Supply|Electricity","Mt CO2/yr","",291.0593385295241,285.5221516228122,417.516806229606,189.3094584399068,103.5437419112517,74.9298981090616,80.8495717710516,76.6343529730352,74.07944319484349,63.69898881312711,38.092525525511896,-7.397578528750405,-90.8070419178562,-290.695649344195,-438.849144512538,-587.796901994372,-774.82731471178,-1008.862818074532,-1230.083047644308
"WITCH 5.0","EN_NPi2020_400f","Countries of the Middle East; Iran, Iraq, Israel, Saudi Arabia, Qatar, etc.","Carbon Sequestration|CCS|Biomass|Energy|Supply|Electricity","Mt CO2/yr","",0.000638921950811,0.0010611816069925,0.0014037364505811,5.18774272898646,15.0456480360996,29.24285284896889,31.6457483949949,32.5172556694578,33.3887629439198,33.9120752845791,34.9484744736821,35.91230820870879,36.8761419437348,38.0514887953857,38.8939117434152,39.5998559952036,40.3058002685016,41.0469311673152,41.8990574029719
"WITCH 5.0","EN_NPi2020_400f","Countries of the Middle East; Iran, Iraq, Israel, Saudi Arabia, Qatar, etc.","Secondary Energy|Electricity","EJ/yr","",3.863752290259149,4.8562021875142,7.58320354659895,7.73822441297626,7.020492591416089,6.96994349520473,8.44770702720545,11.6880899742906,18.8403400204067,21.5332782155995,24.1329289802796,27.587975935106,31.6662163272772,33.8913876203105,36.1011364861802,38.4022692564727,40.4914106644565,42.7347624783767,45.143580872476
"WITCH 5.0","EN_NPi2020_400f","Countries of the Middle East; Iran, Iraq, Israel, Saudi Arabia, Qatar, etc.","Emissions|CO2|Energy|Supply|Electricity","Mt CO2/yr","",710.6140438014149,804.786341163647,1310.73973517178,1265.30094726367,962.505271418441,651.932779117784,502.746688346492,194.381800123002,-21.0442726468908,-34.9269529933021,-43.8735215929961,-50.3017374462308,-57.1802217231773,-60.2149123454421,-61.9879499366696,-63.3061590038797,-64.5056796631058,-65.7164539640574,-67.089477618427
"WITCH 5.0","EN_NPi2020_400f","Countries of Latin America and the Caribbean","Carbon Sequestration|CCS|Biomass|Energy|Supply|Electricity","Mt CO2/yr","",0.0029754420849504,0.0017967520062093,0.0070883073328114,4.972826517399167,22.89855949312484,58.2112703678245,77.52762975866565,126.45460171242036,263.9843068209488,375.606952473272,519.1372665289562,702.499672602912,935.852852761679,1232.16013395636,1564.1519677637311,1902.7635572419813,2355.803321668923,2943.60628565603,3687.903075405085
"WITCH 5.0","EN_NPi2020_400f","Countries of Latin America and the Caribbean","Secondary Energy|Electricity","EJ/yr","",4.89523971941808,5.40172848345837,6.402541486058889,6.81099465400083,7.6533881280082205,9.48762817528666,12.287323286079308,14.693142278401009,17.53563608794331,20.01140091655738,21.91873645704849,23.96615095935515,26.042228980151428,28.1710949778966,30.72883608223578,33.02949491990171,35.283658800219975,38.5623151842584,42.41811905371805
"WITCH 5.0","EN_NPi2020_400f","Countries of Latin America and the Caribbean","Emissions|CO2|Energy|Supply|Electricity","Mt CO2/yr","",348.0508977331135,441.3800398288209,490.8467789546359,265.15831968807333,134.0733104078307,8.5864553025571,-78.7103561480802,-154.69409490273569,-363.4027438462567,-519.894414272547,-720.482062204714,-975.5649082795288,-1299.866010745603,-1711.4955047105022,-2173.266911888923,-2645.226054261682,-3276.080999815472,-4094.517542424748,-5130.766769156286
"AIM/CGE 2.2","EN_NPi2020_400f","North America; primarily the United States of America and Canada","Carbon Sequestration|CCS|Biomass|Energy|Supply|Electricity","Mt CO2/yr","",0,0,0,0,4.9142,29.1308,56.2415,89.1047,379.8104,826.179,1281.3312,1327.5559,1305.016,1357.7603,1391.4721,1416.8392,1441.6939,1481.4457,1526.908
"AIM/CGE 2.2","EN_NPi2020_400f","North America; primarily the United States of America and Canada","Secondary Energy|Electricity","EJ/yr","",17.8293,17.5063,19.229,20.8329,23.783900000000003,26.675400000000003,27.6728,29.8717,35.3966,41.232800000000005,47.0781,49.868,52.9205,55.9661,57.2108,58.112,59.1364,60.3737,61.615
"AIM/CGE 2.2","EN_NPi2020_400f","North America; primarily the United States of America and Canada","Emissions|CO2|Energy|Supply|Electricity","Mt CO2/yr","",2098.0346,1794.906,1823.5422,1321.4799,919.7104,609.4563999999999,295.2548,13.9634,-304.56960000000004,-757.5817,-1217.2975,-1270.9815999999998,-1254.9433,-1314.0668,-1353.177,-1383.4601,-1412.7777,-1456.4595,-1505.3707
"AIM/CGE 2.2","EN_NPi2020_400f","Eastern and Western Europe (i.e., the EU28)","Carbon Sequestration|CCS|Biomass|Energy|Supply|Electricity","Mt CO2/yr","",0,0,0,0,1.3466,9.5185,23.0561,46.1341,210.7176,481.3411,899.2923000000001,1038.3831,1074.5035,1100.5386,1100.497,1102.6159,1116.494,1123.98,1134.8086
"AIM/CGE 2.2","EN_NPi2020_400f","Eastern and Western Europe (i.e., the EU28)","Secondary Energy|Electricity","EJ/yr","",12.0965,12.0298,13.1385,14.3632,17.1936,19.3934,20.3187,22.1776,26.2058,30.3275,35.0336,38.1664,40.8678,42.8277,43.819,44.196200000000005,44.4892,44.7386,45.21
"AIM/CGE 2.2","EN_NPi2020_400f","Eastern and Western Europe (i.e., the EU28)","Emissions|CO2|Energy|Supply|Electricity","Mt CO2/yr","",1136.9996,986.5324,988.1851,724.5677,509.9859,351.1234,177.60019999999997,14.5796,-163.17649999999998,-437.5347,-858.0242,-1000.8714,-1040.8108,-1071.1788,-1075.8684,-1082.0536,-1099.4326,-1109.9155,-1123.2045
"AIM/CGE 2.2","EN_NPi2020_400f","Pacific OECD","Carbon Sequestration|CCS|Biomass|Energy|Supply|Electricity","Mt CO2/yr","",0,0,0,0,0.3435999999999999,3.0447,7.2493,15.6236,107.9669,231.5494,346.0105,541.7101,674.917,759.6291,805.7734,842.1759999999999,880.4109,919.1182,954.6155
"AIM/CGE 2.2","EN_NPi2020_400f","Pacific OECD","Secondary Energy|Electricity","EJ/yr","",4.9738,4.7965,5.0735,4.9068,5.5597,6.2644,6.4638,6.5384,7.2092,8.2208,9.3089,10.702100000000002,11.7617,12.4014,12.6344,12.7741,12.9261,13.0633,13.1741
"AIM/CGE 2.2","EN_NPi2020_400f","Pacific OECD","Emissions|CO2|Energy|Supply|Electricity","Mt CO2/yr","",554.4402,624.1102000000001,644.6254,494.5092,358.3104,259.8844,149.21519999999998,35.008599999999994,-66.50489999999999,-190.9071,-305.4764,-503.066,-638.3788,-725.7161,-775.0967,-814.6578999999999,-855.8697,-897.3042,-935.3124
"AIM/CGE 2.2","EN_NPi2020_400f","Reforming Economies of Eastern Europe and the Former Soviet Union; primarily Russia","Carbon Sequestration|CCS|Biomass|Energy|Supply|Electricity","Mt CO2/yr","",0,0,0,0,0.9759,7.5534,18.7219,36.3582,141.3659,270.3348,437.914,550.4458,579.2088,596.527,608.1682999999999,626.0988,644.0007999999999,660.6380999999999,676.3127999999999
"AIM/CGE 2.2","EN_NPi2020_400f","Reforming Economies of Eastern Europe and the Former Soviet Union; primarily Russia","Secondary Energy|Electricity","EJ/yr","",6.1696,5.988,6.7649,8.592600000000001,10.3888,12.138,13.2465,15.430700000000002,19.7447,22.7704,25.1715,27.309,29.0336,30.1512,30.6352,31.5161,32.4669,33.3945,34.2207
"AIM/CGE 2.2","EN_NPi2020_400f","Reforming Economies of Eastern Europe and the Former Soviet Union; primarily Russia","Emissions|CO2|Energy|Supply|Electricity","Mt CO2/yr","",1232.2234999999998,1126.7325,1260.1392,1290.5576,988.9109,761.432,469.0293,113.7439,-47.1586,-195.8426,-371.9867,-493.048,-530.2754,-555.0772,-571.8236999999999,-593.5809,-615.1309,-635.1368,-653.8248000000001
"AIM/CGE 2.2","EN_NPi2020_400f","Countries of centrally-planned Asia; primarily China","Carbon Sequestration|CCS|Biomass|Energy|Supply|Electricity","Mt CO2/yr","",0,0,0,0,2.6725,24.0258,66.0398,133.305,383.1152,690.6298,1135.3282,1948.2621,2293.9261,2482.4783,2628.8738,2752.7071,2869.3845,2982.8146,3091.9334
"AIM/CGE 2.2","EN_NPi2020_400f","Countries of centrally-planned Asia; primarily China","Secondary Energy|Electricity","EJ/yr","",15.107,22.0434,29.0339,38.2653,51.0949,59.9261,65.3192,72.118,80.2569,87.0794,93.5817,100.5089,105.6865,109.3137,111.445,113.0948,114.7958,116.2022,117.423
"AIM/CGE 2.2","EN_NPi2020_400f","Countries of centrally-planned Asia; primarily China","Emissions|CO2|Energy|Supply|Electricity","Mt CO2/yr","",3474.9081,4407.2717,5686.4724,5167.4911,3297.0356,2369.8376,1524.4476,383.6947,22.8573,-356.6929,-865.7677,-1744.4514,-2143.0905,-2370.6195,-2541.4232,-2682.67,-2809.2569,-2930.4137,-3046.2994
"AIM/CGE 2.2","EN_NPi2020_400f","Countries of South Asia; primarily India","Carbon Sequestration|CCS|Biomass|Energy|Supply|Electricity","Mt CO2/yr","",0,0,0,0,1.2134,9.985,23.0733,45.3644,212.79,457.3703,653.992,763.4852,829.4809,888.7382,954.7298,1016.0496,1077.4594,1137.1489,1192.6587
"AIM/CGE 2.2","EN_NPi2020_400f","Countries of South Asia; primarily India","Secondary Energy|Electricity","EJ/yr","",4.0132,5.5968,7.044,8.9542,11.9134,14.874,16.6456,19.0177,22.7511,26.2594,30.0045,33.7506,37.2162,40.0893,42.1067,43.6778,45.0899,46.262,47.1003
"AIM/CGE 2.2","EN_NPi2020_400f","Countries of South Asia; primarily India","Emissions|CO2|Energy|Supply|Electricity","Mt CO2/yr","",845.5245,1207.2758,1465.0841,1106.897,610.9488,412.7154,290.9468,70.5396,-111.934,-369.6125,-576.3336,-694.7359,-771.1339,-839.1818,-909.9108,-975.6088,-1041.5184,-1105.6306,-1165.278
"AIM/CGE 2.2","EN_NPi2020_400f","Other countries of Asia","Carbon Sequestration|CCS|Biomass|Energy|Supply|Electricity","Mt CO2/yr","",0,0,0,0,2.2693,18.7801,39.8153,70.9213,375.2076,875.4975000000001,1078.1251,1188.6322,1272.2758,1345.0403,1391.5936,1429.3737999999998,1462.4114,1492.9838,1524.4035
"AIM/CGE 2.2","EN_NPi2020_400f","Other countries of Asia","Secondary Energy|Electricity","EJ/yr","",5.6836,6.7695,7.8629,8.2704,9.3772,11.3728,12.7187,14.854,20.4487,26.5777,31.2993,35.1852,39.0309,42.0722,43.6586,45.0366,46.4189,47.7513,48.8194
"AIM/CGE 2.2","EN_NPi2020_400f","Other countries of Asia","Emissions|CO2|Energy|Supply|Electricity","Mt CO2/yr","",789.9735,944.8606,1084.1092,944.5669,753.2015,571.2861,310.2608,36.5259,-296.2676,-803.6204,-1007.0258,-1121.9471,-1211.4411,-1291.0853,-1343.3969,-1386.6264,-1425.0913,-1460.7445,-1496.6325000000002
"AIM/CGE 2.2","EN_NPi2020_400f","Countries of Sub-Saharan Africa","Carbon Sequestration|CCS|Biomass|Energy|Supply|Electricity","Mt CO2/yr","",0,0,0,0,0.9221,7.463299999999999,14.660799999999998,24.8234,169.59210000000002,302.5088,406.6445,499.6558,573.7727,646.2047,705.2976,757.999,808.1639,853.7017000000001,900.0045
"AIM/CGE 2.2","EN_NPi2020_400f","Countries of Sub-Saharan Africa","Secondary Energy|Electricity","EJ/yr","",2.3046,2.6808,3.2307,3.9296,5.208,6.4851,7.2509,8.4758,11.2752,14.3236,17.374,20.0539,23.0692,26.0106,28.2069,30.1554,32.0837,33.882600000000004,35.6361
"AIM/CGE 2.2","EN_NPi2020_400f","Countries of Sub-Saharan Africa","Emissions|CO2|Energy|Supply|Electricity","Mt CO2/yr","",389.0767,431.5666,510.0889,438.5327,331.90070000000003,249.593,148.4674,26.579700000000003,-133.226,-269.522,-374.9207,-469.8628,-546.2488000000001,-621.0327,-681.7466999999999,-736.1787,-788.2746000000001,-835.8149000000001,-884.0172
"AIM/CGE 2.2","EN_NPi2020_400f","Countries of the Middle East; Iran, Iraq, Israel, Saudi Arabia, Qatar, etc.","Carbon Sequestration|CCS|Biomass|Energy|Supply|Electricity","Mt CO2/yr","",0,0,0,0,0.9913,9.5659,24.1816,46.9463,205.9608,432.7411,607.481,692.9228,751.0502,791.6532,822.6504,852.8097,881.4806,908.3139,933.6743
"AIM/CGE 2.2","EN_NPi2020_400f","Countries of the Middle East; Iran, Iraq, Israel, Saudi Arabia, Qatar, etc.","Secondary Energy|Electricity","EJ/yr","",3.3997,4.1218,4.8797,5.494,6.4769,8.0731,9.4742,11.4418,15.3515,18.9659,22.5317,25.3969,28.1303,30.2431,31.5219,32.6584,33.8672,35.0723,36.2697
"AIM/CGE 2.2","EN_NPi2020_400f","Countries of the Middle East; Iran, Iraq, Israel, Saudi Arabia, Qatar, etc.","Emissions|CO2|Energy|Supply|Electricity","Mt CO2/yr","",630.281,746.4645,859.3212,909.0877,764.2556,584.7203,334.4823,58.3909,-143.8738,-382.0097,-559.0054,-648.0862,-710.3863,-755.636,-790.287,-823.748,-855.5297,-885.2637,-913.2341
"AIM/CGE 2.2","EN_NPi2020_400f","Countries of Latin America and the Caribbean","Carbon Sequestration|CCS|Biomass|Energy|Supply|Electricity","Mt CO2/yr","",0,0,0,0,1.2755999999999998,10.3027,22.2126,40.202,250.6976,553.1265999999999,640.6193000000001,735.8798,817.7306,878.266,903.6257,921.0178,939.7581,960.7698,979.2025
"AIM/CGE 2.2","EN_NPi2020_400f","Countries of Latin America and the Caribbean","Secondary Energy|Electricity","EJ/yr","",4.7721,5.4777000000000005,6.1229,8.5161,10.5336,11.6266,12.2731,13.3144,15.9212,18.5706,20.3089,22.24,24.0946,25.5637,26.2342,26.7257,27.2591,27.8546,28.4024
"AIM/CGE 2.2","EN_NPi2020_400f","Countries of Latin America and the Caribbean","Emissions|CO2|Energy|Supply|Electricity","Mt CO2/yr","",311.8641,393.5384,437.8655,432.1073,313.0815,217.4466,111.7862,0.3733000000000004,-222.4663,-528.5138999999999,-617.2123,-713.831,-797.5496,-860.3009,-887.7083,-907.0142,-927.5313,-950.1382,-970.0011
"GEM-E3_V2021","EN_NPi2020_400f","North America; primarily the United States of America and Canada","Secondary Energy|Electricity","EJ/yr","","",16.905956829825307,17.544104725313886,18.22643047297783,19.5483633459644,20.981687223753475,22.659885695935003,25.912160272927323,28.5083884993148,30.85205192020578,32.94621143011899,35.07993439925868,37.30270556875716,39.24180730965197,41.22887454755861,43.280677216623126,45.28346431455963,47.31497517044932,49.34586290239221
"GEM-E3_V2021","EN_NPi2020_400f","North America; primarily the United States of America and Canada","Emissions|CO2|Energy|Supply|Electricity","Mt CO2/yr","","",1971.9396879725343,1796.787032598795,1214.899487054406,844.966257227444,301.1091626878977,137.97552967214887,-61.65701836640137,-817.0315092708443,-1070.4265371213098,-1311.4316711494218,-1402.3098989933562,-1477.52999220218,-1589.7979272234209,-1691.852068005771,-1786.3294022129849,-1883.351371469887,-1976.762823602212,-2080.0262762582565
"GEM-E3_V2021","EN_NPi2020_400f","Eastern and Western Europe (i.e., the EU28)","Secondary Energy|Electricity","EJ/yr","","",14.589637143342443,15.370068857976836,15.709804728571456,17.708518064497238,19.15036321900737,20.964562642504152,23.28768871051717,25.62116498008533,27.55273610312778,28.8697790022062,30.10466379916833,31.610204519064176,32.607465783401885,33.93404711099526,35.01212021527563,36.21935493361581,37.341069227097904,38.54096063215799
"GEM-E3_V2021","EN_NPi2020_400f","Eastern and Western Europe (i.e., the EU28)","Emissions|CO2|Energy|Supply|Electricity","Mt CO2/yr","","",1282.388051844714,1196.8199360147653,1086.0139298929323,698.9820525588952,426.653037730205,195.1864369453444,91.25429993951504,11.250514655637572,-73.36901683954265,-122.51617961718544,-171.6286637201685,-217.28015445838523,-242.64911293525105,-261.5486834098484,-272.7266354671996,-276.06218735184314,-279.00450023930176,-281.87098132302293
"GEM-E3_V2021","EN_NPi2020_400f","Pacific OECD","Secondary Energy|Electricity","EJ/yr","","",4.631401326869928,4.821053236422562,4.938807460360482,5.058445779180569,5.236260908773127,5.547907103835737,6.052822019252447,6.539910981687021,6.877451907858715,7.147233040095241,7.407896203648685,7.712565526219439,7.956629817982842,8.307559257975266,8.599545105007449,8.964249493179606,9.3311851380005,9.73037318654784
"GEM-E3_V2021","EN_NPi2020_400f","Pacific OECD","Emissions|CO2|Energy|Supply|Electricity","Mt CO2/yr","","",635.9911176499324,607.6597816617349,565.5116860110304,408.6139652507594,150.99650779432,-63.45285343621568,-212.7094288547009,-379.3109710868092,-489.2107195573351,-606.1291287622553,-708.9807084568478,-793.094518155712,-899.1047372279636,-937.2176875469196,-1050.7145931136786,-1115.5955646084751,-1202.4394264091477,-1269.6731181424282
"GEM-E3_V2021","EN_NPi2020_400f","Reforming Economies of Eastern Europe and the Former Soviet Union; primarily Russia","Secondary Energy|Electricity","EJ/yr","","",5.262464956040663,5.982959233916266,6.44786231493649,7.610400183896458,8.16757650525863,8.917256967623267,10.302712466588112,11.468088561537858,12.538551658623833,13.618817448705276,14.964685321285764,15.536275332091424,15.953648362444634,15.957951261660122,17.284237097563423,18.728613333325185,19.924520688793827,21.240179455332253
"GEM-E3_V2021","EN_NPi2020_400f","Reforming Economies of Eastern Europe and the Former Soviet Union; primarily Russia","Emissions|CO2|Energy|Supply|Electricity","Mt CO2/yr","","",620.0940625218456,637.4818888085872,409.5181659899539,367.0018298526005,254.81554023905244,10.950385492762734,-192.9312004226757,-414.1014618650475,-534.1990876233027,-589.0273239696223,-637.6617768349332,-711.5007512153762,-753.4065310548301,-812.570727982685,-855.9561244549003,-898.0695009307424,-982.4508299307718,-1071.748343667999
"GEM-E3_V2021","EN_NPi2020_400f","Countries of centrally-planned Asia; primarily China","Secondary Energy|Electricity","EJ/yr","","",20.15056211428398,23.934138475963568,28.845936432722866,35.24178289621551,40.61693532414097,47.44800393337152,56.36237060891219,63.21170479872037,64.94835677422998,67.47787707048995,69.66978235783051,71.74879645720357,73.30725882599206,74.72744554812306,76.06576949071466,77.6756983266475,79.42771816898663,81.41140811832396
"GEM-E3_V2021","EN_NPi2020_400f","Countries of centrally-planned Asia; primarily China","Emissions|CO2|Energy|Supply|Electricity","Mt CO2/yr","","",4136.376283641474,4306.966852407956,3475.195319929004,2323.8447650271714,1138.2001610484872,409.81578469027727,-84.83713428171626,-337.8515868550357,-700.0513961477944,-817.9576109795742,-862.6576790167745,-889.029766456221,-942.3865856967116,-934.0092874400528,-964.1605919455538,-947.6653108400956,-927.8783906337276,-906.6081295892174
"GEM-E3_V2021","EN_NPi2020_400f","Countries of South Asia; primarily India","Secondary Energy|Electricity","EJ/yr","","",4.591560694501401,5.492225070432024,6.80991867786413,8.285366243932685,10.252576501694232,12.365824552572647,15.00909197178492,17.55815028981381,19.25673254115421,20.767733334165968,22.02755637540216,23.00950058952733,23.93270653603336,24.816169917613173,25.78684096863021,26.49667479059625,27.19277087051597,27.809971579829924
"GEM-E3_V2021","EN_NPi2020_400f","Countries of South Asia; primarily India","Emissions|CO2|Energy|Supply|Electricity","Mt CO2/yr","","",974.3617135259972,1100.9760787732168,543.9728665223006,223.06480158141727,89.94104275609217,-119.98592181175331,-263.41860211540904,-398.4838011455413,-492.7961128249159,-577.6470458411609,-984.6715198284076,-1635.5715610511545,-1931.7077117394108,-2076.056475693873,-2064.565270271513,-2202.096149909345,-2167.287460032172,-2128.199292690115
"GEM-E3_V2021","EN_NPi2020_400f","Other countries of Asia","Secondary Energy|Electricity","EJ/yr","","",2.806621188607003,3.224154121692008,3.5274667202867,3.9514865988597534,4.186427629524472,4.9406756623664645,6.370414390226523,7.880867499868874,8.80184430223282,9.484830098198165,10.322052611224477,11.1591971335512,11.738853721903794,12.36712182794984,12.896836774295524,13.395975662251342,14.11833522712358,14.820703645127251
"GEM-E3_V2021","EN_NPi2020_400f","Other countries of Asia","Emissions|CO2|Energy|Supply|Electricity","Mt CO2/yr","","",406.0471188471008,449.69698813840085,381.4716514880324,295.92025167383264,98.26582406015166,-5.331825500246799,-60.62260593609759,-112.71162331093998,-142.37309155656942,-173.6960065070031,-171.44184281373515,-163.4908774947309,-185.37483217541285,-201.4222152837805,-218.802470692146,-229.2430750848025,-218.7799242513924,-217.35235722046048
"GEM-E3_V2021","EN_NPi2020_400f","Countries of the Middle East; Iran, Iraq, Israel, Saudi Arabia, Qatar, etc.","Secondary Energy|Electricity","EJ/yr","","",4.471482738146585,5.298860018089316,6.070410799108977,6.898111077435773,8.360775948663946,10.338721744431542,15.061725703747385,20.40304166383338,24.39843228133247,27.93510756507645,31.278513623948697,34.55969617552524,38.007715304830825,41.39507849941318,44.807875478839975,48.12394011585359,51.66085310244157,55.43793922587318
"GEM-E3_V2021","EN_NPi2020_400f","Countries of the Middle East; Iran, Iraq, Israel, Saudi Arabia, Qatar, etc.","Emissions|CO2|Energy|Supply|Electricity","Mt CO2/yr","","",702.095941111417,858.1584362898468,793.4725157281503,743.5427647243998,344.16333775539493,237.1715897527786,205.58879592908,119.62356781713672,52.622681433425846,19.18994367593323,1.1411291621207185,1.2094953132403183,1.9881274895324024,-0.3704967850970092,-0.574010397867335,-0.6302343522217938,-0.6704110029245287,-0.6953961311716839
"GEM-E3_V2021","EN_NPi2020_400f","Countries of Latin America and the Caribbean","Secondary Energy|Electricity","EJ/yr","","",3.790862480916437,4.141013144326939,4.381419355333337,4.663802193324969,5.022609948271191,5.489583024951029,6.526050641129833,7.6946228994543855,8.384609653924887,8.876815670454805,9.363341477723642,9.792603965626457,10.085765594668054,10.31255694627876,10.576522709096952,10.89746285488629,11.2617844485104,11.583325070813178
"GEM-E3_V2021","EN_NPi2020_400f","Countries of Latin America and the Caribbean","Emissions|CO2|Energy|Supply|Electricity","Mt CO2/yr","","",210.808736429455,231.53027543359576,161.31058694656883,99.3630903314621,32.4558956373206,8.202315675993697,-7.020939873753729,-30.850482712042663,-62.38575714755925,-124.86725860628638,-148.39681736959986,-179.04540393501645,-201.0814671590433,-228.70734779616515,-261.6640556354633,-282.1916619034711,-296.4207680479559,-307.8629381213243
"GEM-E3_V2021","EN_NPi2020_400f","Rest of the World (R10)","Secondary Energy|Electricity","EJ/yr","","",7.890430191384026,9.237707413583411,11.289450545693686,13.618385116562138,17.111009289479227,21.42034647095922,28.1966260409562,36.07983759178091,43.40870131900981,51.10420003766828,59.98967579508814,70.12803229780026,80.4816737562498,92.47421931299536,103.4576106696332,114.49139142356653,125.64784035661432,137.98458656843084
"GEM-E3_V2021","EN_NPi2020_400f","Rest of the World (R10)","Emissions|CO2|Energy|Supply|Electricity","Mt CO2/yr","","",1196.158089192627,1157.9613854144454,1005.4302780640518,728.0629436103659,313.2913298942471,176.28439003394064,-2.078480527625544,-574.0506505869279,-786.5918105811623,-904.5629931866728,-1011.361772464787,-1049.4996504513583,-1112.4842604805483,-1106.8044340581584,-1143.549634182073,-1171.8735556362144,-1168.775660809714,-1037.8449464709358
"MESSAGEix-GLOBIOM_1.1","EN_NPi2020_400f","North America; primarily the United States of America and Canada","Carbon Sequestration|CCS|Biomass|Energy|Supply|Electricity","Mt CO2/yr","",0,0,0,0,4.365419080937756,5.174934892403488,7.974394944746598,22.16401060124927,37.82782274324721,29.34061961471987,19.69713258200748,"",0.0268873869147212,"",0.1069158987269409,"",4.818030613775179,"",1.464051807254624
"MESSAGEix-GLOBIOM_1.1","EN_NPi2020_400f","North America; primarily the United States of America and Canada","Secondary Energy|Electricity","EJ/yr","",17.79612698531379,17.00709147530151,18.30772933501824,17.61354084762329,19.83373981668041,21.53234549748515,25.13502083875147,29.21387500941428,34.28486216495335,37.97570915265613,42.45424290008241,"",53.47351817609058,"",54.05517319934779,"",51.84823843942277,"",50.75822712475913
"MESSAGEix-GLOBIOM_1.1","EN_NPi2020_400f","North America; primarily the United States of America and Canada","Emissions|CO2|Energy|Supply|Electricity","Mt CO2/yr","",2393.974203788923,1907.996043305122,1942.365229481683,911.3798856996392,704.4871969071685,466.3595634333731,186.118704411446,63.47134761762187,-25.98033863830231,-22.55896668785061,-14.19885834577858,"",-0.0098013240874872,"",-0.2003174933393896,"",-17.91337273532368,"",-19.84938433765199
"MESSAGEix-GLOBIOM_1.1","EN_NPi2020_400f","Eastern and Western Europe (i.e., the EU28)","Carbon Sequestration|CCS|Biomass|Energy|Supply|Electricity","Mt CO2/yr","",0,0,0,0,0,5.255653333333333,5.255653333333333,5.255653333333333,5.053919670905853,5.255653333333333,5.3165521439132695,"",8.850120286904199,"",10.191497349669406,"",5.519125932688024,"",5.255653333333333
"MESSAGEix-GLOBIOM_1.1","EN_NPi2020_400f","Eastern and Western Europe (i.e., the EU28)","Secondary Energy|Electricity","EJ/yr","",13.25451434647772,13.185962461745392,14.043226201859726,15.48295953212764,16.61462524410469,18.95748200761541,22.193721474868106,24.55434930057786,26.93452624214002,30.68457149478277,34.645014213194514,"",43.57912055649227,"",45.082757353331615,"",46.88875124622165,"",51.02284630266675
"MESSAGEix-GLOBIOM_1.1","EN_NPi2020_400f","Eastern and Western Europe (i.e., the EU28)","Emissions|CO2|Energy|Supply|Electricity","Mt CO2/yr","",1322.044250244921,1311.760468368147,887.2313457639326,699.4678496846495,567.8157802541524,399.3903366154181,235.44570616472544,26.904253611697435,23.38366213078324,26.969403821128783,22.177915667088616,"",2.467404119678932,"",-9.030255217925856,"",-5.656323615471028,"",-5.255653333333333
"MESSAGEix-GLOBIOM_1.1","EN_NPi2020_400f","Pacific OECD","Carbon Sequestration|CCS|Biomass|Energy|Supply|Electricity","Mt CO2/yr","",0,0,0,0,0,0,0,0,0,0,0.6544377716437121,"",0,"",0,"",0,"",0
"MESSAGEix-GLOBIOM_1.1","EN_NPi2020_400f","Pacific OECD","Secondary Energy|Electricity","EJ/yr","",5.185006321911845,4.706393205177611,4.950348122174934,4.791329902286924,5.359417863162991,5.875917080848624,6.517474442179834,7.289726337912192,8.223797763810222,8.750998027205284,9.465283785282471,"",10.84847247429549,"",12.06003454360111,"",12.768478728014,"",12.21620923806335
"MESSAGEix-GLOBIOM_1.1","EN_NPi2020_400f","Pacific OECD","Emissions|CO2|Energy|Supply|Electricity","Mt CO2/yr","",752.1836404491262,792.6208133686373,683.0138244766282,302.7422157845472,233.0064352617402,161.1621090999957,58.73507210196096,9.423702562108272,7.499176740318339,4.581218588397841,2.711092748567796,"",0,"",0,"",0,"",0
"MESSAGEix-GLOBIOM_1.1","EN_NPi2020_400f","Reforming Economies of Eastern Europe and the Former Soviet Union; primarily Russia","Carbon Sequestration|CCS|Biomass|Energy|Supply|Electricity","Mt CO2/yr","",0,0,0,0,0,0,0.4776321575130075,3.25399789103011,2.307064904641486,2.709173306265653,3.439526021206045,"",0,"",0,"",0,"",0
"MESSAGEix-GLOBIOM_1.1","EN_NPi2020_400f","Reforming Economies of Eastern Europe and the Former Soviet Union; primarily Russia","Secondary Energy|Electricity","EJ/yr","",4.691733977362367,5.334776960655963,5.90743976862057,6.108309072753019,7.806125438642755,10.07687214789998,12.06268586556037,14.69952398158656,17.62826552240546,20.37011539302906,23.93936796348909,"",32.39355707602343,"",32.12234348805152,"",31.85393753902036,"",31.04670213414066
"MESSAGEix-GLOBIOM_1.1","EN_NPi2020_400f","Reforming Economies of Eastern Europe and the Former Soviet Union; primarily Russia","Emissions|CO2|Energy|Supply|Electricity","Mt CO2/yr","",663.2879130489542,959.1493499341948,916.92444735892,389.2891458368272,181.5984262689698,145.1777263898415,10.89255550371797,8.026223524080908,5.597461873371429,2.271723727388529,0.9593318492238802,"",0,"",0,"",0,"",0
"MESSAGEix-GLOBIOM_1.1","EN_NPi2020_400f","Countries of centrally-planned Asia; primarily China","Carbon Sequestration|CCS|Biomass|Energy|Supply|Electricity","Mt CO2/yr","",0,0,0,0,0,0.6915333333333338,1.341154193375101,0,14.81766160904858,24.36382335667464,18.43712479494599,"",0.8884789617869318,"",0.6915333333333333,"",0.6915333333333333,"",0.6915333333333333
"MESSAGEix-GLOBIOM_1.1","EN_NPi2020_400f","Countries of centrally-planned Asia; primarily China","Secondary Energy|Electricity","EJ/yr","",15.58665169998216,21.05643124347011,28.49130570243727,29.70650865043298,34.0654428341195,39.76500700636233,44.9354250562175,49.25370134240103,53.83949283034029,59.07902237262246,63.00780382028155,"",70.71153922170218,"",67.7338606337668,"",64.37995451481783,"",60.8416164985159
"MESSAGEix-GLOBIOM_1.1","EN_NPi2020_400f","Countries of centrally-planned Asia; primarily China","Emissions|CO2|Energy|Supply|Electricity","Mt CO2/yr","",3007.400616478824,4529.594966642377,4961.590161110415,1857.745518562812,493.3664408092876,294.4231821938905,61.40831091317852,16.1335377967243,1.875404837022724,-16.42505707263288,-15.72757158251748,"",-0.6407395111934794,"",-0.6915333333333333,"",-0.6915333333333333,"",-0.6915333333333333
"MESSAGEix-GLOBIOM_1.1","EN_NPi2020_400f","Countries of South Asia; primarily India","Carbon Sequestration|CCS|Biomass|Energy|Supply|Electricity","Mt CO2/yr","",0,0,0,0,0,0,0,0,0,0,0,"",0,"",0,"",0,"",0
"MESSAGEix-GLOBIOM_1.1","EN_NPi2020_400f","Countries of South Asia; primarily India","Secondary Energy|Electricity","EJ/yr","",4.136167677512196,5.706879697833529,7.118756264500188,8.061345081640965,10.76100439230124,15.23980662196503,20.38137704232938,25.95505325103349,29.96787104883271,34.8562235778794,40.29063078813909,"",53.91417814466847,"",72.94427029164325,"",87.50531035003961,"",94.88617679364006
"MESSAGEix-GLOBIOM_1.1","EN_NPi2020_400f","Countries of South Asia; primarily India","Emissions|CO2|Energy|Supply|Electricity","Mt CO2/yr","",667.6594715280577,1424.701756509432,1552.44212007769,722.5985472714266,281.3812127992259,65.01835252165336,3.855968543207882,2.916421069276928,1.827999114662666,1.275281862949319,0.0001311738819761,"",0,"",0,"",0,"",0
"MESSAGEix-GLOBIOM_1.1","EN_NPi2020_400f","Other countries of Asia","Carbon Sequestration|CCS|Biomass|Energy|Supply|Electricity","Mt CO2/yr","",0,0,0,0,0,0,0,0,0,0,0,"",0,"",0,"",0,"",0
"MESSAGEix-GLOBIOM_1.1","EN_NPi2020_400f","Other countries of Asia","Secondary Energy|Electricity","EJ/yr","",4.795172755335361,5.380566260195469,6.499552201022949,7.491252240856491,8.739914395125336,10.29723020210448,12.55677757803722,15.73825024937484,18.55828087168829,21.34350523336298,24.84454832194866,"",34.22776523028168,"",35.0913638093294,"",35.72999288443388,"",39.35052015348661
"MESSAGEix-GLOBIOM_1.1","EN_NPi2020_400f","Other countries of Asia","Emissions|CO2|Energy|Supply|Electricity","Mt CO2/yr","",897.3956707330815,840.5646067997286,977.107320624286,557.6348299152986,328.4743616122575,151.9833999505154,42.40778304573138,8.902123975969362,5.911643407720645,1.832030508869018,0.6641274111583378,"",0,"",0,"",0,"",0
"MESSAGEix-GLOBIOM_1.1","EN_NPi2020_400f","Countries of Sub-Saharan Africa","Carbon Sequestration|CCS|Biomass|Energy|Supply|Electricity","Mt CO2/yr","",0,0,0,0,0,0,0,0,6.261992566962878,7.824727338091646,33.43838226474459,"",55.39067180586008,"",18.55224646205704,"",0,"",0
"MESSAGEix-GLOBIOM_1.1","EN_NPi2020_400f","Countries of Sub-Saharan Africa","Secondary Energy|Electricity","EJ/yr","",1.395249516595227,1.483132597342833,1.999825427302076,2.096792300967061,3.073558872556277,4.609838636876706,6.616779881789837,9.766920028784533,13.42809579150381,18.10445965939205,23.21389162470038,"",40.28217828745015,"",64.56042085214766,"",95.31397015044163,"",125.3670028655133
"MESSAGEix-GLOBIOM_1.1","EN_NPi2020_400f","Countries of Sub-Saharan Africa","Emissions|CO2|Energy|Supply|Electricity","Mt CO2/yr","",300.4449784106388,339.4498699504234,358.3654723730989,67.09811841539297,52.81668056298857,51.28148921099958,23.59637430320078,13.52218463385897,13.14643667560164,12.2814597615196,-24.02836419657173,"",-112.3320347468516,"",-35.58932815200409,"",0,"",0
"MESSAGEix-GLOBIOM_1.1","EN_NPi2020_400f","Countries of the Middle East; Iran, Iraq, Israel, Saudi Arabia, Qatar, etc.","Carbon Sequestration|CCS|Biomass|Energy|Supply|Electricity","Mt CO2/yr","",0,0,0,0,0,0,0,0,0,0,0,"",0,"",0,"",0,"",0
"MESSAGEix-GLOBIOM_1.1","EN_NPi2020_400f","Countries of the Middle East; Iran, Iraq, Israel, Saudi Arabia, Qatar, etc.","Secondary Energy|Electricity","EJ/yr","",4.029004112819885,5.089615517020417,6.496726177620073,7.977765947503701,8.823460470607296,11.21305830655605,14.46232380965718,18.93461723382578,23.64045609629352,28.58390984634836,34.71678115944328,"",50.00470747986706,"",62.3907794618624,"",67.10629846707384,"",71.96502033749945
"MESSAGEix-GLOBIOM_1.1","EN_NPi2020_400f","Countries of the Middle East; Iran, Iraq, Israel, Saudi Arabia, Qatar, etc.","Emissions|CO2|Energy|Supply|Electricity","Mt CO2/yr","",533.9028280532568,780.0037862535054,745.90003821185,613.8482379863854,447.4077804464263,388.3039995961766,234.7157713264007,50.11752788208921,31.01411012581899,31.82317256760095,26.02208392782173,"",7.906176438253397,"",0,"",0,"",0
"MESSAGEix-GLOBIOM_1.1","EN_NPi2020_400f","Countries of Latin America and the Caribbean","Carbon Sequestration|CCS|Biomass|Energy|Supply|Electricity","Mt CO2/yr","",0,0,0,0,0,7.153055840533314,16.46637905987599,33.04624694878289,28.55849202023229,20.21537436850076,13.96554692891616,"",5.234560461557829,"",2.629710097764711,"",0,"",0
"MESSAGEix-GLOBIOM_1.1","EN_NPi2020_400f","Countries of Latin America and the Caribbean","Secondary Energy|Electricity","EJ/yr","",4.912707024088875,5.588361290114706,5.796653879590467,7.030236696105007,7.986312926627742,9.489101402012473,12.2410739750806,16.1608729767016,20.45875803658221,22.45866384611859,24.69429753903835,"",30.25302138072183,"",37.52802907831877,"",41.76210147844834,"",46.56153182993491
"MESSAGEix-GLOBIOM_1.1","EN_NPi2020_400f","Countries of Latin America and the Caribbean","Emissions|CO2|Energy|Supply|Electricity","Mt CO2/yr","",297.8120743848725,390.6963022053458,315.6952751612207,184.1095514558456,94.41277575869076,45.12567561413361,11.08293120210359,-52.56235019771494,-92.68713085696184,-92.55091567343884,-84.36667275058585,"",-51.94685218889646,"",-7.685368223762513,"",0,"",0
"© AR6 Scenario Explorer and Database hosted by IIASA https://data.ece.iiasa.ac.at/ar6"